TF,statistic,pvalue,zscore,max_auc,re_rank,irwin_hall_pvalue
AR,23.286,3.07E-120,3.373,0.84,0.005,4.59E-07
PIAS1,6.384,8.60E-11,3.46,0.769,0.008,1.94E-06
FOXA1,18.449,2.65E-76,3.192,0.807,0.01,4.59E-06
HOXB13,6.055,7.03E-10,3.164,0.772,0.014,1.34E-05
SUMO2,4.791,8.30E-07,4.02,0.679,0.016,1.91E-05
TLE3,3.674,1.19E-04,3.391,0.742,0.017,2.17E-05
NKX3-1,2.334,9.80E-03,3.361,0.757,0.023,5.48E-05
ERF,2.522,5.83E-03,3.443,0.654,0.028,9.54E-05
ARID1A,2.377,8.72E-03,3.043,0.783,0.029,1.07E-04
NANOG,5.848,2.49E-09,2.69,0.683,0.03,1.24E-04
ARRB1,2.2,1.39E-02,3.449,0.644,0.032,1.47E-04
ESR1,18.724,1.57E-78,2.593,0.656,0.032,1.52E-04
REST,7.26,1.93E-13,2.865,0.638,0.033,1.63E-04
GATA3,6.873,3.15E-12,2.678,0.642,0.035,1.91E-04
YBX1,2.968,1.50E-03,3.255,0.608,0.039,2.71E-04
ZNF649,1.591,5.58E-02,4.279,0.653,0.04,2.86E-04
BRDU,3.744,9.07E-05,3.11,0.602,0.042,3.35E-04
HDAC3,1.794,3.64E-02,2.885,0.747,0.042,3.35E-04
ASCL1,4.863,5.78E-07,2.537,0.632,0.045,4.08E-04
HNF4G,2.921,1.75E-03,2.469,0.705,0.045,4.08E-04
SIRT1,2.725,3.21E-03,2.659,0.645,0.045,4.08E-04
ASH2L,2.173,1.49E-02,3.025,0.629,0.047,4.59E-04
ZNF207,1.987,2.35E-02,3.356,0.603,0.047,4.81E-04
POLR3D,4.558,2.58E-06,2.784,0.6,0.049,5.38E-04
GRHL2,3.746,8.98E-05,2.249,0.716,0.051,6.11E-04
PR,5.246,7.79E-08,2.521,0.602,0.052,6.24E-04
CRY1,1.535,6.24E-02,3.357,0.625,0.054,6.92E-04
GATA2,3.286,5.07E-04,2.185,0.743,0.054,7.20E-04
PLRG1,2.014,2.20E-02,3.309,0.586,0.056,7.94E-04
TRIM28,3.32,4.50E-04,3.232,0.569,0.057,8.25E-04
SSRP1,1.942,2.61E-02,3.11,0.597,0.058,8.56E-04
ZTA,1.987,2.35E-02,3.07,0.594,0.059,9.39E-04
TOP1,2.758,2.91E-03,2.422,0.631,0.06,9.56E-04
AHR,1.988,2.34E-02,2.765,0.599,0.063,1.10E-03
NR5A2,1.656,4.88E-02,2.632,0.63,0.063,1.10E-03
POU5F1,5.364,4.06E-08,2.183,0.625,0.064,1.16E-03
GATA6,3.66,1.26E-04,2.558,0.58,0.065,1.26E-03
SOX2,3.189,7.15E-04,2.068,0.663,0.067,1.32E-03
GREB1,2.96,1.54E-03,2.551,0.584,0.067,1.35E-03
TCF4,2.837,2.28E-03,2.428,0.598,0.069,1.46E-03
SMAD2,2.563,5.19E-03,2.42,0.6,0.069,1.48E-03
SFPQ,1.427,7.67E-02,3.395,0.582,0.071,1.60E-03
ZNF354C,1.429,7.65E-02,3.296,0.582,0.073,1.78E-03
FOXK1,1.308,9.54E-02,3.214,0.599,0.073,1.78E-03
H2AFX,1.45,7.36E-02,2.921,0.591,0.077,2.08E-03
RAD21,8.187,1.33E-16,1.91,0.606,0.08,2.29E-03
FOXA2,3.422,3.11E-04,1.983,0.619,0.08,2.32E-03
CTCF,23.343,8.03E-121,1.818,0.615,0.081,2.41E-03
EOMES,2.351,9.36E-03,2.462,0.57,0.081,2.41E-03
SMC3,5.906,1.75E-09,1.669,0.665,0.083,2.54E-03
SMARCA5,1.408,7.95E-02,2.431,0.629,0.083,2.54E-03
BAHD1,1.755,3.96E-02,3.038,0.557,0.083,2.61E-03
EZH2,7.935,1.05E-15,1.442,0.794,0.084,2.68E-03
LARP7,1.368,8.57E-02,2.653,0.594,0.084,2.71E-03
EHMT2,2.072,1.91E-02,2.635,0.559,0.085,2.75E-03
TSC22D4,1.513,6.52E-02,2.431,0.6,0.085,2.78E-03
NCAPG,1.913,2.79E-02,2.486,0.57,0.086,2.89E-03
LRWD1,1.323,9.30E-02,3.333,0.566,0.087,2.96E-03
SUMO1,4.698,1.31E-06,1.921,0.595,0.088,3.11E-03
ZNF707,1.555,6.00E-02,2.798,0.565,0.089,3.19E-03
NONO,1.407,7.97E-02,3.359,0.553,0.09,3.31E-03
SMAD3,2.554,5.33E-03,1.6,0.745,0.091,3.35E-03
CDX2,1.847,3.24E-02,2.317,0.575,0.092,3.55E-03
CLOCK,1.242,1.07E-01,3.426,0.561,0.092,3.55E-03
ZNF140,1.518,6.45E-02,2.951,0.555,0.093,3.67E-03
NCAPG2,1.403,8.04E-02,2.557,0.576,0.095,3.80E-03
ZFP57,1.897,2.89E-02,2.135,0.589,0.095,3.89E-03
ZFP41,1.52,6.42E-02,2.816,0.557,0.095,3.89E-03
OTX2,2.713,3.33E-03,1.804,0.614,0.096,4.02E-03
ZNF486,1.477,6.98E-02,3.149,0.544,0.1,4.54E-03
ZNF292,1.283,9.98E-02,2.89,0.563,0.1,4.54E-03
ZNF781,1.421,7.77E-02,2.901,0.551,0.101,4.69E-03
ZNF48,1.188,1.18E-01,3.173,0.554,0.103,4.89E-03
SMC1A,5.118,1.55E-07,1.471,0.61,0.104,5.10E-03
SIX4,1.133,1.29E-01,3.561,0.548,0.105,5.20E-03
CBX3,1.716,4.31E-02,2.921,0.531,0.105,5.26E-03
CDCA2,1.388,8.25E-02,2.378,0.574,0.105,5.26E-03
PRDM12,1.182,1.19E-01,3.052,0.553,0.107,5.53E-03
ZNF488,1.42,7.78E-02,2.939,0.543,0.107,5.53E-03
ZNF445,1.334,9.11E-02,2.446,0.567,0.108,5.64E-03
MRE11A,1.631,5.15E-02,2.132,0.569,0.11,5.93E-03
FOXH1,1.594,5.54E-02,2.339,0.551,0.113,6.47E-03
JARID2,4.804,7.78E-07,1.121,0.695,0.114,6.66E-03
SUZ12,3.972,3.57E-05,1.013,0.8,0.115,6.91E-03
ZNF217,1.203,1.14E-01,2.52,0.555,0.118,7.38E-03
HHEX,1.568,5.85E-02,2.313,0.547,0.12,7.79E-03
HES1,1.162,1.23E-01,2.26,0.57,0.123,8.29E-03
TET2,2.024,2.15E-02,1.509,0.592,0.123,8.44E-03
ZNF697,0.843,2.00E-01,3.164,0.551,0.127,9.27E-03
BMI1,2.142,1.61E-02,1.813,0.556,0.128,9.43E-03
ATF7IP,0.631,2.64E-01,2.683,0.614,0.129,9.59E-03
ZNF680,1.609,5.38E-02,2.564,0.515,0.13,9.92E-03
HCFC1R1,1.276,1.01E-01,2.101,0.562,0.13,1.00E-02
ZBTB2,1.548,6.08E-02,1.871,0.564,0.132,1.03E-02
ZNF808,1.005,1.57E-01,2.989,0.533,0.132,1.04E-02
CTCFL,2.24,1.26E-02,1.217,0.599,0.134,1.09E-02
SSU72,1.32,9.35E-02,1.955,0.566,0.135,1.11E-02
CTNNB1,1.257,1.04E-01,2.051,0.56,0.137,1.15E-02
ZFP64,1.073,1.42E-01,1.958,0.579,0.139,1.20E-02
GRHL3,1.762,3.91E-02,1.758,0.553,0.141,1.25E-02
STAG1,4.814,7.38E-07,1.087,0.585,0.141,1.26E-02
ZNF654,1.755,3.97E-02,1.637,0.56,0.141,1.27E-02
GTF2I,2.758,2.91E-03,1.611,0.545,0.142,1.29E-02
DLX2,1.231,1.09E-01,1.997,0.558,0.142,1.29E-02
SCRT1,1.434,7.58E-02,2.384,0.519,0.142,1.30E-02
ZNF2,1.406,7.98E-02,1.442,0.594,0.145,1.37E-02
ZNF16,1.094,1.37E-01,2.288,0.542,0.145,1.38E-02
RNF2,1.837,3.31E-02,1.066,0.61,0.148,1.46E-02
ZNF765,0.901,1.84E-01,3.083,0.519,0.148,1.47E-02
ZNF175,0.759,2.24E-01,2.012,0.599,0.149,1.48E-02
USP49,0.882,1.89E-01,3.126,0.516,0.151,1.54E-02
GATA4,1.592,5.57E-02,1.8,0.542,0.151,1.55E-02
AEBP2,1.176,1.20E-01,2.258,0.528,0.152,1.57E-02
KDM3B,1.584,5.66E-02,1.44,0.565,0.153,1.62E-02
EED,1.141,1.27E-01,1.496,0.591,0.154,1.65E-02
TCF7,1.078,1.41E-01,2.158,0.541,0.155,1.66E-02
ZNF586,0.886,1.88E-01,2.904,0.517,0.155,1.66E-02
ZBTB48,1.93,2.68E-02,1.172,0.568,0.158,1.77E-02
DACOR1,0.915,1.80E-01,2.547,0.521,0.158,1.78E-02
TFAP2C,1.974,2.42E-02,1.771,0.524,0.159,1.81E-02
HNF4A,2.292,1.09E-02,1.443,0.538,0.16,1.83E-02
ZFAT,1.11,1.34E-01,1.912,0.546,0.162,1.91E-02
TERC,1.697,4.48E-02,1.859,0.517,0.162,1.93E-02
BCL11A,0.8,2.12E-01,1.457,0.64,0.164,1.98E-02
SMAD2-SMAD3,1.349,8.86E-02,1.393,0.567,0.165,2.02E-02
ZNF202,1.017,1.55E-01,1.447,0.581,0.166,2.08E-02
ERG,1.549,6.07E-02,0.604,0.684,0.166,2.08E-02
ZNF138,0.919,1.79E-01,2.342,0.521,0.166,2.08E-02
MCM2,0.95,1.71E-01,2.209,0.526,0.168,2.14E-02
PDX1,1.148,1.25E-01,2.054,0.524,0.169,2.16E-02
ZNF17,0.852,1.97E-01,2.626,0.513,0.169,2.16E-02
LMTK3,0.976,1.65E-01,2.16,0.527,0.169,2.18E-02
ZNF800,1.053,1.46E-01,2.463,0.504,0.17,2.21E-02
DMC1,0.927,1.77E-01,2.223,0.523,0.17,2.21E-02
SRC,1.351,8.84E-02,2.426,0.497,0.171,2.27E-02
HOTAIR,1.489,6.82E-02,2.099,0.501,0.173,2.33E-02
TCF7L1,1.489,6.83E-02,1.356,0.549,0.173,2.34E-02
RUNX2,0.81,2.09E-01,1.871,0.56,0.173,2.34E-02
JMJD6,1.997,2.29E-02,0.359,0.645,0.175,2.40E-02
SON,1.159,1.23E-01,1.497,0.551,0.176,2.46E-02
ZNF274,0.854,1.97E-01,2.583,0.5,0.182,2.69E-02
CDK2,1.094,1.37E-01,2.193,0.502,0.183,2.74E-02
CTBP1,1.247,1.06E-01,1.74,0.526,0.183,2.76E-02
ZNF563,0.877,1.90E-01,2.177,0.516,0.183,2.76E-02
ZNF436,0.985,1.62E-01,1.825,0.53,0.184,2.82E-02
ZMYM3,1.683,4.62E-02,1.24,0.53,0.185,2.84E-02
SRF,1.687,4.58E-02,0.754,0.572,0.186,2.89E-02
TFAP2A,1.608,5.40E-02,1.391,0.521,0.187,2.92E-02
SMAD4,1.067,1.43E-01,1.214,0.567,0.187,2.96E-02
TEAD4,0.849,1.98E-01,1.07,0.625,0.188,2.97E-02
ARID3A,1.119,1.32E-01,1.479,0.54,0.188,2.97E-02
SP140,1.321,9.33E-02,1.417,0.534,0.188,2.99E-02
SF1,0.783,2.17E-01,2.506,0.503,0.189,3.04E-02
ZNF793,1.059,1.45E-01,2.161,0.501,0.189,3.06E-02
ZNF75D,0.997,1.59E-01,2.316,0.498,0.19,3.08E-02
PARP1,0.785,2.16E-01,2.439,0.503,0.191,3.15E-02
NOTCH3,0.757,2.25E-01,2.664,0.499,0.192,3.17E-02
IRF5,0.844,2.00E-01,2.167,0.511,0.192,3.18E-02
REPIN1,0.68,2.48E-01,1.444,0.585,0.194,3.31E-02
ZNF331,0.759,2.24E-01,2.494,0.5,0.196,3.37E-02
SIX2,1.491,6.80E-02,1.81,0.497,0.198,3.48E-02
ZNF585B,0.88,1.90E-01,2.485,0.49,0.198,3.48E-02
ZNF320,1.166,1.22E-01,2.121,0.49,0.2,3.59E-02
CHAT,0.995,1.60E-01,2.137,0.497,0.201,3.65E-02
ZNF438,0.906,1.82E-01,1.828,0.515,0.203,3.75E-02
ZNF837,1.091,1.38E-01,1.743,0.506,0.207,3.97E-02
KDM4A,1.357,8.74E-02,0.726,0.562,0.207,4.02E-02
BIRA,0.704,2.41E-01,1.851,0.525,0.211,4.23E-02
ZNF141,0.84,2.00E-01,1.83,0.511,0.212,4.32E-02
ZNF512,1.01,1.56E-01,1.539,0.51,0.214,4.38E-02
CENPT,0.701,2.42E-01,2.432,0.492,0.216,4.52E-02
SMN1,0.723,2.35E-01,2.317,0.496,0.216,4.54E-02
CHD7,0.743,2.29E-01,0.968,0.588,0.217,4.58E-02
DPF2,0.67,2.51E-01,1.762,0.533,0.217,4.61E-02
ZNF490,0.705,2.40E-01,2.286,0.493,0.221,4.84E-02
NR2F6,0.984,1.63E-01,1.544,0.502,0.225,5.10E-02
PAX6,0.495,3.10E-01,1.895,0.542,0.225,5.13E-02
NME2,0.947,1.72E-01,1.918,0.488,0.225,5.15E-02
ZNF506,0.737,2.30E-01,2.011,0.498,0.226,5.23E-02
HNF1A,1.105,1.35E-01,1.37,0.503,0.227,5.28E-02
ZNF788,0.821,2.06E-01,2.434,0.477,0.228,5.30E-02
ZNF549,0.67,2.51E-01,2.462,0.487,0.228,5.30E-02
CNOT3,1.265,1.03E-01,0.828,0.531,0.229,5.38E-02
ZNF8,0.729,2.33E-01,1.953,0.499,0.23,5.48E-02
CENPC,0.66,2.55E-01,2.476,0.485,0.23,5.51E-02
RARG,1.253,1.05E-01,1.044,0.514,0.231,5.56E-02
PRDM14,0.808,2.10E-01,1.547,0.506,0.232,5.58E-02
ZNF605,0.687,2.46E-01,2.203,0.49,0.232,5.61E-02
SATB1,0.576,2.83E-01,2.174,0.502,0.233,5.69E-02
ZXDC,0.736,2.31E-01,1.867,0.497,0.235,5.87E-02
ZNF778,0.695,2.44E-01,1.793,0.502,0.238,6.09E-02
KLF16,0.97,1.66E-01,1.462,0.497,0.239,6.15E-02
SNAI2,1.62,5.26E-02,1.014,0.492,0.24,6.23E-02
OSR2,1.052,1.46E-01,1.706,0.484,0.241,6.32E-02
ZNF701,0.758,2.24E-01,1.688,0.499,0.242,6.34E-02
ZKSCAN1,0.588,2.78E-01,1.416,0.539,0.242,6.37E-02
MAML3,1.163,1.23E-01,1.785,0.477,0.243,6.43E-02
SOX11,0.749,2.27E-01,2.078,0.482,0.244,6.52E-02
ZNF823,0.674,2.50E-01,2.06,0.488,0.244,6.57E-02
HAND2,0.7,2.42E-01,1.86,0.492,0.246,6.69E-02
ESRRA,0.528,2.99E-01,0.982,0.576,0.248,6.90E-02
ZNF248,0.622,2.67E-01,2.367,0.48,0.249,6.96E-02
CREM,0.735,2.31E-01,0.978,0.539,0.25,7.05E-02
ZNF284,0.636,2.62E-01,2.216,0.482,0.251,7.08E-02
MBD1,1.248,1.06E-01,0.66,0.515,0.251,7.14E-02
RING1,0.714,2.38E-01,1.23,0.515,0.251,7.14E-02
ZNF440,0.621,2.67E-01,2.319,0.48,0.251,7.14E-02
NFIA,0.869,1.93E-01,1.727,0.484,0.252,7.17E-02
ZNF382,1.127,1.30E-01,1.989,0.464,0.252,7.20E-02
CUX1,0.627,2.65E-01,1.125,0.54,0.252,7.20E-02
FOXO3,0.566,2.86E-01,1.429,0.527,0.253,7.26E-02
BCAT1,0.864,1.94E-01,1.612,0.484,0.255,7.42E-02
GLIS1,1.274,1.01E-01,1.197,0.485,0.255,7.42E-02
FEZF1,0.983,1.63E-01,1.545,0.48,0.256,7.51E-02
TRIM24,0.785,2.16E-01,1.168,0.506,0.256,7.58E-02
ZNF485,0.651,2.58E-01,1.976,0.485,0.258,7.77E-02
RYBP,1.316,9.40E-02,0.021,0.548,0.259,7.80E-02
HOXC9,0.849,1.98E-01,1.785,0.477,0.259,7.84E-02
SCRT2,0.829,2.04E-01,1.815,0.477,0.26,7.90E-02
ZSCAN16,0.842,2.00E-01,1.961,0.471,0.26,7.90E-02
TRIM25,0.997,1.59E-01,0.491,0.527,0.261,7.97E-02
PHOX2B,0.658,2.55E-01,1.911,0.485,0.261,8.00E-02
NR3C1,0.261,3.97E-01,0.836,0.733,0.264,8.27E-02
ZNF134,0.615,2.69E-01,2.106,0.479,0.264,8.27E-02
FANCD2,0.645,2.59E-01,1.918,0.484,0.265,8.33E-02
HDAC2,1.244,1.07E-01,-0.022,0.545,0.266,8.47E-02
SPIB,0.85,1.98E-01,1.466,0.481,0.266,8.47E-02
DPPA2,0.664,2.54E-01,1.782,0.486,0.267,8.61E-02
ZNF429,0.577,2.82E-01,2.302,0.474,0.27,8.85E-02
TFAP4,1.001,1.58E-01,1.302,0.48,0.271,8.93E-02
ZNF768,0.663,2.54E-01,1.691,0.486,0.272,9.10E-02
MECOM,0.704,2.41E-01,1.282,0.493,0.276,9.43E-02
DRAP1,0.836,2.02E-01,0.75,0.51,0.277,9.58E-02
ZNF573,0.589,2.78E-01,2.053,0.475,0.278,9.66E-02
ZNF304,0.583,2.80E-01,2.071,0.474,0.278,9.66E-02
ZIM3,0.764,2.22E-01,1.777,0.472,0.278,9.66E-02
ZNF287,0.545,2.93E-01,2.345,0.469,0.278,9.69E-02
MAFK,0.492,3.11E-01,1.208,0.52,0.279,9.81E-02
ICE2,0.736,2.31E-01,1.106,0.497,0.28,9.88E-02
EGLN2,0.687,2.46E-01,1.316,0.49,0.28,9.92E-02
SOX13,0.795,2.13E-01,1.147,0.49,0.281,1.00E-01
CAMTA2,0.682,2.48E-01,1.333,0.49,0.282,1.01E-01
ZNF22,0.598,2.75E-01,1.857,0.476,0.284,1.03E-01
ZNF317,0.679,2.49E-01,1.913,0.466,0.285,1.05E-01
ZNF675,0.534,2.97E-01,2.203,0.468,0.286,1.05E-01
TCF12,0.506,3.06E-01,0.762,0.547,0.287,1.06E-01
ZNF780A,0.554,2.90E-01,2.1,0.47,0.289,1.08E-01
ZNF28,0.671,2.51E-01,1.248,0.487,0.29,1.10E-01
SMAD1,0.122,4.51E-01,0.89,0.632,0.29,1.10E-01
APOBEC3B,0.673,2.50E-01,1.219,0.488,0.29,1.10E-01
GATA1,1.001,1.58E-01,1.115,0.473,0.293,1.13E-01
LMNB1,0.609,2.71E-01,1.636,0.478,0.293,1.13E-01
BRD9,0.842,2.00E-01,0.858,0.491,0.293,1.14E-01
MAFF,0.613,2.70E-01,1.792,0.472,0.297,1.18E-01
DROSHA,0.824,2.05E-01,-0.181,0.55,0.297,1.18E-01
CHD8,0.432,3.33E-01,1.043,0.519,0.297,1.18E-01
DUX4,0.435,3.32E-01,1.534,0.492,0.298,1.19E-01
RARA,0.232,4.08E-01,0.77,0.588,0.299,1.20E-01
ZNF169,0.58,2.81E-01,1.716,0.474,0.302,1.24E-01
WDHD1,0.846,1.99E-01,0.996,0.477,0.303,1.25E-01
ZNF101,0.362,3.59E-01,1.353,0.503,0.303,1.26E-01
AGO1,0.504,3.07E-01,1.148,0.5,0.304,1.26E-01
ZNF641,0.74,2.30E-01,1.008,0.483,0.304,1.27E-01
KDM1B,0.514,3.04E-01,2.025,0.465,0.305,1.28E-01
MBD4,0.646,2.59E-01,1.151,0.484,0.307,1.30E-01
HNF1B,0.642,2.60E-01,1.178,0.483,0.307,1.30E-01
ZNF133,0.51,3.05E-01,2.015,0.465,0.307,1.30E-01
SRCAP,0.516,3.03E-01,1.948,0.465,0.308,1.32E-01
GFI1B,0.494,3.11E-01,1.475,0.483,0.308,1.32E-01
ZNF121,0.861,1.95E-01,1.216,0.463,0.309,1.33E-01
TAL1,0.446,3.28E-01,1.084,0.502,0.31,1.34E-01
LMNA,0.25,4.01E-01,1.283,0.518,0.31,1.34E-01
ZNF664,0.676,2.49E-01,1.515,0.463,0.311,1.35E-01
ZNF93,0.573,2.83E-01,1.513,0.473,0.312,1.37E-01
KDM5B,0.88,1.90E-01,-0.275,0.521,0.315,1.40E-01
ZNF239,0.698,2.43E-01,1.313,0.467,0.315,1.41E-01
ETV5,0.393,3.47E-01,0.66,0.527,0.317,1.43E-01
ING5,0.503,3.08E-01,1.905,0.464,0.317,1.43E-01
HLF,0.653,2.57E-01,1.618,0.461,0.317,1.43E-01
CHD5,0.594,2.76E-01,1.254,0.476,0.318,1.44E-01
CBX2,0.698,2.43E-01,0.581,0.492,0.32,1.47E-01
ZNF547,0.66,2.55E-01,0.854,0.486,0.32,1.48E-01
TSHZ1,0.615,2.69E-01,1.191,0.476,0.32,1.48E-01
PTRF,0.58,2.81E-01,1.767,0.461,0.321,1.48E-01
ZNF770,0.57,2.85E-01,1.431,0.473,0.321,1.48E-01
EBF3,0.57,2.84E-01,1.484,0.467,0.322,1.50E-01
ZNF425,0.565,2.86E-01,1.427,0.472,0.325,1.54E-01
SOX4,0.758,2.24E-01,1.001,0.469,0.326,1.56E-01
ZNF479,0.568,2.85E-01,1.372,0.472,0.326,1.56E-01
ZBTB42,0.582,2.80E-01,1.202,0.474,0.326,1.57E-01
NKX2-1,0.446,3.28E-01,1.187,0.485,0.326,1.57E-01
DNMT3B,-0.082,5.33E-01,0.421,0.659,0.327,1.58E-01
MBD2,0.265,3.96E-01,-0.286,0.653,0.329,1.61E-01
KDM2B,0.826,2.04E-01,-1.386,0.626,0.33,1.61E-01
POU2F1,0.402,3.44E-01,2.111,0.454,0.33,1.62E-01
MYOG,0.523,3.00E-01,1.519,0.464,0.33,1.62E-01
ILK,0.521,3.01E-01,1.723,0.459,0.333,1.66E-01
CBX5,0.127,4.49E-01,0.678,0.553,0.335,1.69E-01
EGR3,0.597,2.75E-01,0.948,0.476,0.338,1.74E-01
GATAD2B,0.527,2.99E-01,0.981,0.48,0.339,1.75E-01
ZNF280A,0.384,3.51E-01,2.066,0.452,0.339,1.76E-01
SETDB1,-0.349,6.37E-01,0.758,0.634,0.34,1.77E-01
ZNF430,0.386,3.50E-01,1.995,0.452,0.342,1.80E-01
NUP98-HOXA9,0.525,3.00E-01,1.244,0.466,0.342,1.80E-01
MTA3,0.227,4.10E-01,0.949,0.51,0.344,1.84E-01
MYBL2,0.571,2.84E-01,1.005,0.473,0.345,1.84E-01
FOXP1,-0.079,5.32E-01,0.112,0.652,0.347,1.88E-01
TTF2,0.225,4.11E-01,-0.028,0.579,0.347,1.88E-01
ZBTB6,0.809,2.09E-01,0.63,0.464,0.349,1.92E-01
HDGF,0.219,4.13E-01,0.459,0.532,0.35,1.93E-01
KDM1A,-0.333,6.30E-01,0.278,0.721,0.353,1.98E-01
ZNF26,0.381,3.52E-01,1.82,0.452,0.354,2.00E-01
MCM7,0.359,3.60E-01,1.427,0.465,0.358,2.06E-01
NFIL3,0.514,3.04E-01,1.075,0.465,0.359,2.08E-01
NEUROD1,0.046,4.82E-01,0.884,0.521,0.359,2.09E-01
JUND,-0.165,5.66E-01,0.356,0.592,0.36,2.09E-01
LHX2,0.381,3.52E-01,1.167,0.47,0.361,2.12E-01
ZNF35,0.527,2.99E-01,0.941,0.467,0.362,2.14E-01
POLR2AphosphoS5,0.826,2.04E-01,0.38,0.461,0.367,2.21E-01
HOXA9,0.337,3.68E-01,1.006,0.476,0.367,2.22E-01
NR1H3,0.638,2.62E-01,0.744,0.462,0.368,2.25E-01
NIPBL,0.253,4.00E-01,-0.26,0.55,0.372,2.32E-01
BCOR,0.424,3.36E-01,-0.524,0.531,0.373,2.32E-01
HIF1A,-0.082,5.33E-01,0.67,0.529,0.374,2.34E-01
RBL1,0.494,3.11E-01,0.902,0.463,0.377,2.40E-01
FOXM1,-0.173,5.69E-01,-0.346,0.65,0.381,2.48E-01
NR2F1,0.399,3.45E-01,0.993,0.463,0.382,2.49E-01
ZNF423,0.675,2.50E-01,0.125,0.469,0.383,2.51E-01
ZNF611,0.518,3.02E-01,0.59,0.465,0.384,2.53E-01
MAFG,0.417,3.38E-01,1.43,0.444,0.384,2.54E-01
ZSCAN2,0.41,3.41E-01,1.123,0.455,0.385,2.54E-01
RCOR1,0.104,4.59E-01,0.466,0.508,0.386,2.56E-01
ZMIZ1,0.392,3.47E-01,0.215,0.487,0.387,2.58E-01
BATF,0.067,4.73E-01,0.242,0.527,0.388,2.61E-01
ZSCAN20,0.552,2.90E-01,0.848,0.454,0.388,2.61E-01
NFE2L1,0.322,3.74E-01,1.145,0.461,0.388,2.61E-01
IKZF2,0.587,2.79E-01,0.58,0.458,0.389,2.62E-01
HJURP,0.305,3.80E-01,1.641,0.444,0.389,2.63E-01
HIRA,-0.539,7.05E-01,0.261,0.602,0.39,2.64E-01
GTF3C5,0.734,2.31E-01,-0.343,0.475,0.391,2.67E-01
PAX3,0.334,3.69E-01,1.396,0.447,0.392,2.69E-01
NFATC3,0.454,3.25E-01,0.804,0.459,0.392,2.69E-01
ZNF362,0.513,3.04E-01,0.916,0.451,0.393,2.69E-01
KLF4,-0.007,5.03E-01,0.35,0.52,0.393,2.71E-01
CBX1,0.285,3.88E-01,-0.18,0.514,0.394,2.73E-01
SIX1,0.309,3.79E-01,0.968,0.465,0.394,2.73E-01
ZNF92,0.371,3.55E-01,1.167,0.451,0.395,2.74E-01
USF1,0.285,3.88E-01,-0.311,0.517,0.395,2.75E-01
TBX5,0.306,3.80E-01,1.282,0.449,0.398,2.81E-01
ZEB1,0.242,4.04E-01,-0.728,0.552,0.399,2.82E-01
ZNF600,0.581,2.81E-01,0.44,0.455,0.4,2.84E-01
PRDM2,0.598,2.75E-01,0.058,0.467,0.4,2.85E-01
ZNF384,0.374,3.54E-01,0.833,0.457,0.405,2.95E-01
EMX1,0.576,2.82E-01,-0.573,0.487,0.407,2.97E-01
ZNF554,0.332,3.70E-01,1.161,0.447,0.407,2.97E-01
ARNT,-0.095,5.38E-01,0.337,0.515,0.408,2.99E-01
ICE1,0.597,2.75E-01,0.259,0.456,0.408,2.99E-01
SMARCE1,0.178,4.30E-01,0.975,0.467,0.408,3.00E-01
ZNF623,0.453,3.25E-01,0.878,0.447,0.408,3.00E-01
CTBP2,0.102,4.60E-01,-0.048,0.518,0.408,3.01E-01
SP4,0.463,3.22E-01,-0.639,0.498,0.409,3.02E-01
MAX,0.38,3.52E-01,-1.267,0.549,0.409,3.03E-01
MYOD1,0.268,3.95E-01,0.91,0.461,0.41,3.04E-01
ZNF366,0.436,3.31E-01,0.593,0.455,0.41,3.04E-01
IKZF1,-0.73,7.67E-01,0.108,0.605,0.412,3.09E-01
RAD51,0.28,3.90E-01,1.124,0.449,0.413,3.10E-01
ZBTB1,0.422,3.36E-01,0.407,0.461,0.413,3.10E-01
CSDE1,0.325,3.73E-01,0.423,0.468,0.413,3.11E-01
CREB3L4,0.373,3.55E-01,0.804,0.451,0.417,3.18E-01
ZNF618,0.395,3.46E-01,0.622,0.453,0.417,3.18E-01
PTTG1,0.289,3.86E-01,1.328,0.44,0.417,3.19E-01
POLR3A,0.137,4.46E-01,0.415,0.484,0.417,3.19E-01
TCF7L2,-0.417,6.62E-01,-0.12,0.567,0.418,3.21E-01
MYNN,0.191,4.24E-01,0.601,0.472,0.419,3.22E-01
PRDM1,0.218,4.14E-01,0.461,0.473,0.421,3.26E-01
WT1,0.477,3.17E-01,0.281,0.457,0.421,3.27E-01
ZNF182,0.322,3.74E-01,1.005,0.446,0.421,3.27E-01
ZNF592,0.332,3.70E-01,0.775,0.453,0.421,3.27E-01
ZNF558,0.33,3.71E-01,0.736,0.455,0.422,3.29E-01
PBX1,0.26,3.97E-01,1.439,0.437,0.422,3.30E-01
ZNF534,0.438,3.31E-01,0.298,0.458,0.423,3.30E-01
ZNF84,0.252,4.01E-01,1.344,0.439,0.423,3.32E-01
ZNF528,0.394,3.47E-01,0.489,0.453,0.423,3.32E-01
NR1H2,0.445,3.28E-01,0.473,0.449,0.425,3.34E-01
HIC1,0.512,3.04E-01,0.123,0.456,0.428,3.41E-01
ZNF263,0.307,3.80E-01,-0.509,0.493,0.428,3.41E-01
ZNF136,0.137,4.46E-01,1.924,0.43,0.428,3.42E-01
IRF4,0.157,4.38E-01,0.417,0.474,0.429,3.43E-01
STAT4,-0.364,6.42E-01,0.364,0.512,0.43,3.45E-01
ATF4,0.116,4.54E-01,1.106,0.454,0.43,3.46E-01
RFX1,0.139,4.45E-01,0.846,0.462,0.431,3.47E-01
ZBTB17,0.175,4.31E-01,0.218,0.478,0.432,3.50E-01
LDB1,0.249,4.02E-01,1.199,0.439,0.432,3.51E-01
ZNF766,0.193,4.23E-01,0.884,0.454,0.433,3.52E-01
ZNF146,0.298,3.83E-01,1.072,0.439,0.435,3.57E-01
GRHL1,0.33,3.71E-01,0.641,0.447,0.438,3.63E-01
ATF2,-0.347,6.36E-01,-0.178,0.536,0.44,3.66E-01
CDC5L,0.313,3.77E-01,0.607,0.447,0.441,3.69E-01
USF2,0.104,4.59E-01,-0.547,0.504,0.445,3.77E-01
XBP1,-0.22,5.87E-01,0.188,0.498,0.445,3.77E-01
ZNF792,0.448,3.27E-01,0.087,0.45,0.445,3.78E-01
ZNF257,0.379,3.52E-01,0.214,0.452,0.447,3.82E-01
PITX3,0.233,4.08E-01,1.095,0.438,0.447,3.83E-01
PRDM10,0.443,3.29E-01,0.214,0.446,0.448,3.83E-01
SMARCA4,-0.517,6.98E-01,-1.264,0.825,0.448,3.85E-01
ZC3H8,0.31,3.78E-01,0.097,0.459,0.45,3.89E-01
ZNF282,0.592,2.77E-01,-0.547,0.456,0.451,3.90E-01
MORC2,-0.278,6.09E-01,-0.674,0.548,0.452,3.92E-01
ZFP28,0.171,4.32E-01,1.401,0.43,0.453,3.94E-01
ZNF585A,0.242,4.04E-01,0.892,0.439,0.455,4.01E-01
EZH1,-0.081,5.32E-01,-1.469,0.592,0.456,4.01E-01
L3MBTL2,0.359,3.60E-01,0.39,0.442,0.456,4.02E-01
ZNF280D,0.368,3.56E-01,0.274,0.445,0.457,4.03E-01
NFIC,0.104,4.59E-01,0.199,0.469,0.458,4.06E-01
MIER1,0.301,3.82E-01,0.433,0.444,0.458,4.06E-01
PRDM6,0.268,3.94E-01,0.611,0.441,0.458,4.06E-01
SOX10,0.19,4.25E-01,1.109,0.435,0.459,4.08E-01
ZEB2,0.444,3.28E-01,0.223,0.439,0.46,4.11E-01
ZNF467,0.365,3.57E-01,0.059,0.45,0.46,4.11E-01
DDX5,-0.222,5.88E-01,-0.161,0.5,0.46,4.12E-01
HEXIM1,0.191,4.24E-01,-0.82,0.493,0.463,4.17E-01
DPF1,0.164,4.35E-01,0.543,0.448,0.463,4.18E-01
EP300,-2.061,9.80E-01,0.104,0.719,0.464,4.19E-01
IRF9,0.179,4.29E-01,1.097,0.433,0.464,4.20E-01
NR2F2,-0.61,7.29E-01,0.012,0.519,0.464,4.20E-01
RAC3,0.259,3.98E-01,0.591,0.44,0.464,4.20E-01
FOXK2,-0.126,5.50E-01,0.248,0.475,0.467,4.25E-01
CBX4,0.467,3.20E-01,-0.624,0.46,0.467,4.25E-01
BACH1,-0.21,5.83E-01,-0.083,0.492,0.468,4.28E-01
ZNF18,0.062,4.75E-01,-0.247,0.481,0.469,4.32E-01
PKNOX1,0.218,4.14E-01,0.907,0.434,0.47,4.32E-01
ZSCAN23,0.333,3.70E-01,0.138,0.444,0.47,4.33E-01
KMT2B,0.249,4.02E-01,0.515,0.439,0.471,4.34E-01
TTF1,0.206,4.18E-01,0.878,0.435,0.471,4.36E-01
SETX,0.37,3.56E-01,-0.212,0.451,0.474,4.41E-01
ESCO2,0.345,3.65E-01,-0.077,0.448,0.474,4.41E-01
UHRF2,0.426,3.35E-01,-0.609,0.456,0.475,4.44E-01
ZNF580,0.386,3.50E-01,-0.025,0.442,0.476,4.45E-01
MITF,-0.483,6.85E-01,0.44,0.478,0.478,4.51E-01
E2F2,0.243,4.04E-01,0.429,0.439,0.478,4.51E-01
SP7,0.397,3.46E-01,-0.139,0.443,0.479,4.52E-01
ZFP2,0.402,3.44E-01,-0.431,0.447,0.481,4.57E-01
MBD3,-0.795,7.87E-01,-0.811,0.573,0.482,4.59E-01
VDR,-1.053,8.54E-01,-0.962,0.641,0.482,4.61E-01
SIRT6,0.175,4.31E-01,0.789,0.433,0.484,4.65E-01
FAIRE,-0.98,8.37E-01,-0.529,0.562,0.485,4.66E-01
CHAMP1,0.256,3.99E-01,0.309,0.437,0.487,4.71E-01
E2F6,-0.102,5.41E-01,-1.425,0.54,0.488,4.73E-01
ZNF468,0.341,3.67E-01,-0.454,0.448,0.491,4.80E-01
ZNF682,0.295,3.84E-01,-0.062,0.442,0.491,4.80E-01
TRIM22,0.265,3.95E-01,0.092,0.439,0.492,4.83E-01
PPARGC1A,0.223,4.12E-01,0.358,0.437,0.492,4.83E-01
LEF1,-0.689,7.55E-01,-1.148,0.578,0.492,4.83E-01
CBFA2T2,0.142,4.43E-01,0.773,0.43,0.492,4.83E-01
WHSC1,0.152,4.39E-01,0.807,0.427,0.495,4.90E-01
PSIP1,0.143,4.43E-01,0.12,0.445,0.496,4.90E-01
ZNF264,0.043,4.83E-01,0.307,0.446,0.497,4.93E-01
ATF3,-0.548,7.08E-01,-0.658,0.514,0.501,5.03E-01
TEAD2,0.085,4.66E-01,0.933,0.426,0.502,5.05E-01
TAZ,0.178,4.29E-01,0.362,0.433,0.503,5.06E-01
SP1,-0.291,6.14E-01,-1.31,0.53,0.503,5.07E-01
ZNF519,0.349,3.63E-01,-0.663,0.448,0.504,5.09E-01
L3MBTL4,0.265,3.95E-01,-0.173,0.441,0.504,5.09E-01
PRKDC,-0.444,6.72E-01,-0.62,0.497,0.507,5.15E-01
ETV4,0.186,4.26E-01,0.159,0.437,0.507,5.15E-01
CREB1,-0.473,6.82E-01,-1.126,0.526,0.508,5.19E-01
ZNF687,0.263,3.96E-01,0.009,0.436,0.508,5.19E-01
SCML2,0.099,4.61E-01,-0.402,0.457,0.509,5.21E-01
TP73,-1.155,8.76E-01,0.178,0.501,0.51,5.24E-01
CEBPG,-0.067,5.27E-01,0.853,0.429,0.512,5.27E-01
ZBTB8A,0.401,3.44E-01,-0.876,0.444,0.512,5.28E-01
PBX2,0.023,4.91E-01,0.478,0.435,0.513,5.28E-01
SMARCC1,-0.575,7.17E-01,-0.287,0.488,0.513,5.29E-01
ZNF44,0.178,4.30E-01,0.206,0.433,0.513,5.29E-01
HMBOX1,0.088,4.65E-01,0.658,0.426,0.516,5.36E-01
ZNF501,0.377,3.53E-01,-0.837,0.444,0.516,5.36E-01
ZNF100,0.291,3.86E-01,-0.474,0.439,0.516,5.36E-01
PYGO2,0.012,4.95E-01,0.875,0.422,0.518,5.41E-01
ZNF24,0.187,4.26E-01,0.024,0.436,0.518,5.41E-01
ZNF394,0.313,3.77E-01,-0.645,0.442,0.52,5.45E-01
TAT,0.095,4.62E-01,0.515,0.426,0.52,5.45E-01
LIN9,0.083,4.67E-01,0.558,0.425,0.524,5.54E-01
ZMYND8,-0.074,5.29E-01,-1.22,0.486,0.525,5.57E-01
SMARCA2,-0.155,5.62E-01,0.744,0.429,0.527,5.61E-01
RXRA,-1.238,8.92E-01,-0.648,0.542,0.528,5.62E-01
TET3,-0.123,5.49E-01,-1.227,0.487,0.528,5.62E-01
ZNF671,0.076,4.70E-01,0.431,0.424,0.531,5.69E-01
DAXX,0.053,4.79E-01,0.419,0.425,0.533,5.73E-01
ETV6,-0.914,8.20E-01,-0.232,0.486,0.536,5.81E-01
FXR2,0.059,4.76E-01,0.414,0.423,0.537,5.82E-01
MCM3,0.012,4.95E-01,0.51,0.419,0.538,5.85E-01
ZNF335,0.335,3.69E-01,-1.025,0.442,0.538,5.85E-01
MEF2B,-0.43,6.67E-01,0.385,0.441,0.541,5.92E-01
TBL1X,0.225,4.11E-01,-0.602,0.437,0.542,5.94E-01
OVOL3,0.119,4.53E-01,0.035,0.428,0.542,5.95E-01
AFF1,-0.814,7.92E-01,-1.145,0.518,0.544,5.99E-01
RUNX1,-3.392,1.00E+00,-0.97,0.684,0.545,6.00E-01
NBN,-0.68,7.52E-01,-0.416,0.477,0.545,6.00E-01
H3F3B,-0.156,5.62E-01,0.992,0.404,0.545,6.01E-01
BRD3,-0.946,8.28E-01,-1.651,0.571,0.546,6.03E-01
ZNF692,0.266,3.95E-01,-0.862,0.437,0.547,6.04E-01
ZNF324,0.092,4.64E-01,-0.686,0.445,0.549,6.10E-01
ADNP,0.088,4.65E-01,0.072,0.425,0.549,6.10E-01
PCGF1,-0.013,5.05E-01,-1.705,0.49,0.55,6.11E-01
C11orf30,-0.125,5.50E-01,0.284,0.425,0.554,6.20E-01
TLX1,-0.017,5.07E-01,0.332,0.416,0.556,6.24E-01
ZNF273,0.235,4.07E-01,-0.959,0.438,0.557,6.27E-01
ZNF414,0.234,4.07E-01,-0.913,0.437,0.559,6.30E-01
ERCC2,-0.142,5.56E-01,0.655,0.405,0.56,6.34E-01
ZNF260,-0.057,5.23E-01,0.332,0.413,0.562,6.37E-01
ZFP37,0.262,3.97E-01,-1.031,0.437,0.563,6.39E-01
HLTF,0.035,4.86E-01,-0.106,0.426,0.564,6.42E-01
ERCC6,-0.32,6.26E-01,-0.918,0.463,0.564,6.43E-01
ZNF76,-0.761,7.77E-01,-1.356,0.503,0.566,6.46E-01
ETS2,-0.182,5.72E-01,0.146,0.426,0.566,6.46E-01
RELB,-0.42,6.63E-01,0.046,0.437,0.568,6.49E-01
GTF2A2,-0.15,5.60E-01,0.524,0.404,0.568,6.49E-01
MTA2,-0.227,5.90E-01,0.005,0.433,0.568,6.50E-01
LMO2,-0.829,7.97E-01,-0.086,0.461,0.569,6.52E-01
MNT,-0.338,6.32E-01,-0.37,0.443,0.569,6.53E-01
GTF3C2,0.106,4.58E-01,-0.686,0.435,0.57,6.56E-01
NR4A1,-0.344,6.35E-01,0.054,0.434,0.57,6.56E-01
ZNF391,0.134,4.47E-01,-0.604,0.428,0.573,6.60E-01
TGIF2,0.11,4.56E-01,-0.714,0.433,0.574,6.63E-01
ZNF674,0.169,4.33E-01,-0.872,0.433,0.574,6.64E-01
SMARCB1,-0.524,7.00E-01,-1.776,0.506,0.576,6.67E-01
ELF3,-0.026,5.10E-01,-0.025,0.416,0.576,6.67E-01
FOXG1,-0.012,5.05E-01,-0.093,0.416,0.578,6.71E-01
INSM2,0.078,4.69E-01,-0.471,0.425,0.579,6.73E-01
CEBPB,-3.335,1.00E+00,-0.113,0.507,0.579,6.73E-01
DEK,-0.235,5.93E-01,-1.049,0.457,0.579,6.73E-01
BCL6,-1.032,8.49E-01,-0.868,0.484,0.58,6.76E-01
ZFP69B,0.137,4.46E-01,-0.944,0.433,0.581,6.77E-01
GLI4,0.032,4.87E-01,-0.451,0.424,0.582,6.80E-01
NCAPH2,0.233,4.08E-01,-1.363,0.438,0.584,6.84E-01
ZNF143,-1.507,9.34E-01,-1.36,0.542,0.586,6.88E-01
DNMT1,-0.191,5.76E-01,-0.079,0.424,0.586,6.88E-01
YBX3,-0.219,5.87E-01,-0.04,0.422,0.587,6.89E-01
TEAD1,-0.518,6.98E-01,0.352,0.423,0.587,6.90E-01
EGR2,-0.505,6.93E-01,-0.946,0.458,0.588,6.93E-01
GLIS2,0.146,4.42E-01,-1.213,0.437,0.588,6.93E-01
WDR5,-1.023,8.47E-01,-1.942,0.549,0.59,6.95E-01
KDM6A,-0.092,5.37E-01,-0.005,0.41,0.59,6.96E-01
MYB,-0.849,8.02E-01,-0.393,0.455,0.591,6.98E-01
PCGF2,-0.144,5.57E-01,0.012,0.41,0.591,6.99E-01
ZNF695,0.074,4.71E-01,-0.648,0.424,0.593,7.02E-01
ZNF341,0.12,4.52E-01,-0.969,0.429,0.594,7.04E-01
DDX20,-0.288,6.13E-01,0.184,0.41,0.594,7.04E-01
ZNF346,0.123,4.51E-01,-0.947,0.427,0.594,7.05E-01
ZKSCAN5,0.107,4.57E-01,-0.936,0.427,0.595,7.05E-01
EBNA3,-0.163,5.65E-01,0.106,0.403,0.595,7.05E-01
BHLHE40,-0.424,6.64E-01,-1.448,0.47,0.596,7.09E-01
ZNF318,-0.481,6.85E-01,-0.113,0.432,0.597,7.10E-01
ZNF441,0.124,4.51E-01,-1.014,0.428,0.597,7.10E-01
CCND2,0.146,4.42E-01,-1.16,0.43,0.598,7.12E-01
ZNF750,-0.236,5.93E-01,0.278,0.397,0.598,7.12E-01
EBF1,-0.553,7.10E-01,-0.204,0.436,0.598,7.12E-01
NEUROG2,-0.579,7.19E-01,0.39,0.415,0.599,7.13E-01
POU2F2,-0.24,5.95E-01,-0.502,0.429,0.599,7.14E-01
ID3,-0.082,5.33E-01,-0.356,0.413,0.6,7.17E-01
ETV1,-0.724,7.66E-01,-1.7,0.495,0.601,7.19E-01
LMO1,-0.114,5.45E-01,-0.176,0.408,0.602,7.20E-01
ZNF71,-0.165,5.66E-01,-1.203,0.445,0.602,7.20E-01
ZXDB,0.138,4.45E-01,-1.083,0.427,0.602,7.21E-01
JUN,-2.653,9.96E-01,-0.604,0.502,0.604,7.23E-01
KLF17,0.09,4.64E-01,-1.021,0.428,0.604,7.23E-01
HDAC8,-0.468,6.80E-01,-0.455,0.433,0.606,7.29E-01
TEAD1-TEAD4,-0.244,5.96E-01,0.156,0.397,0.606,7.29E-01
RUNX3,-0.145,5.58E-01,-0.196,0.405,0.609,7.34E-01
GPS2,0.016,4.94E-01,-0.848,0.419,0.611,7.37E-01
ZNF350,-0.171,5.68E-01,-0.094,0.402,0.611,7.37E-01
ZBTB33,-2.015,9.78E-01,-1.468,0.535,0.612,7.39E-01
MEN1,-0.218,5.86E-01,-0.539,0.419,0.613,7.41E-01
YAP1,-1.684,9.54E-01,-0.403,0.473,0.614,7.43E-01
BANP,-0.561,7.13E-01,0.08,0.414,0.616,7.47E-01
HINFP,-0.273,6.07E-01,-0.548,0.42,0.618,7.51E-01
FXR1,-0.068,5.27E-01,-0.659,0.411,0.619,7.53E-01
SPI1,-3.684,1.00E+00,-0.649,0.499,0.62,7.55E-01
RFX5,-0.783,7.83E-01,-1.605,0.479,0.62,7.55E-01
INTS3,-0.015,5.06E-01,-0.934,0.416,0.621,7.56E-01
PAX5,-0.768,7.79E-01,-0.39,0.436,0.623,7.61E-01
CHD2,-0.792,7.86E-01,-2.173,0.509,0.624,7.61E-01
EGR1,-0.901,8.16E-01,-1.982,0.502,0.624,7.61E-01
ZNF610,-0.056,5.22E-01,-1.286,0.432,0.624,7.63E-01
E2F5,-0.135,5.54E-01,-0.737,0.414,0.625,7.63E-01
MEIS1,-0.605,7.27E-01,0.247,0.401,0.626,7.65E-01
RELA,-6.822,1.00E+00,-1.992,0.657,0.626,7.66E-01
EBNA2,-0.321,6.26E-01,0.035,0.391,0.626,7.66E-01
ING2,-0.015,5.06E-01,-1.001,0.416,0.627,7.67E-01
PHIP,0.03,4.88E-01,-2.047,0.455,0.629,7.71E-01
CREBBP,-1.657,9.51E-01,-1.422,0.5,0.631,7.74E-01
MEF2D,-0.463,6.78E-01,0.066,0.394,0.631,7.75E-01
TERF1,-0.272,6.07E-01,-0.243,0.395,0.632,7.76E-01
KLF8,-0.009,5.03E-01,-1.316,0.426,0.633,7.79E-01
ZNF786,0,5.00E-01,-1.176,0.417,0.634,7.81E-01
ZSCAN5A,-0.164,5.65E-01,-0.887,0.412,0.638,7.86E-01
SND1,-0.632,7.36E-01,-0.057,0.408,0.639,7.88E-01
COPS2,-0.19,5.75E-01,-0.623,0.401,0.64,7.90E-01
EWSR1,-1.05,8.53E-01,-0.488,0.438,0.64,7.91E-01
KLF7,-0.136,5.54E-01,-0.964,0.411,0.641,7.91E-01
PROX1,-1.123,8.69E-01,-0.793,0.448,0.642,7.94E-01
HDAC4,-0.165,5.66E-01,-0.797,0.403,0.644,7.97E-01
H2AZ,-1.147,8.74E-01,-2.958,0.544,0.645,7.98E-01
BRCA1,-1.717,9.57E-01,-1.681,0.506,0.645,7.98E-01
BRD2,-2.26,9.88E-01,-2.182,0.574,0.645,7.99E-01
DNMT3A,-1.311,9.05E-01,-1.742,0.495,0.645,7.99E-01
PRDM11,-0.459,6.77E-01,-1.704,0.452,0.646,8.01E-01
WRNIP1,-0.093,5.37E-01,-1.035,0.409,0.647,8.02E-01
LEO1,-0.23,5.91E-01,-0.646,0.398,0.647,8.03E-01
TAF7,-1.318,9.06E-01,-1.459,0.481,0.647,8.03E-01
KLF3,-0.34,6.33E-01,-0.386,0.39,0.649,8.06E-01
HOXA4,-0.042,5.17E-01,-1.291,0.413,0.649,8.06E-01
NFYB,-0.661,7.46E-01,-0.899,0.432,0.651,8.09E-01
TBL1XR1,-0.408,6.58E-01,-0.971,0.42,0.652,8.11E-01
EBNA3C,-0.683,7.53E-01,0.036,0.394,0.653,8.12E-01
TFDP1,-1.019,8.46E-01,-1.272,0.453,0.655,8.15E-01
WWTR1,-0.546,7.08E-01,-0.069,0.388,0.655,8.15E-01
ZNF189,-0.043,5.17E-01,-1.366,0.413,0.656,8.17E-01
BACH2,-0.819,7.94E-01,-0.404,0.417,0.657,8.19E-01
ZFX,-1.957,9.75E-01,-1.869,0.513,0.659,8.21E-01
INTS11,-0.246,5.97E-01,-1.661,0.436,0.66,8.24E-01
UBE2I,-0.293,6.15E-01,-0.679,0.393,0.661,8.24E-01
MED1,-7.851,1.00E+00,-2.94,0.714,0.661,8.25E-01
FOSL1,-1.088,8.62E-01,-0.488,0.43,0.661,8.25E-01
NCOR1,-1.314,9.06E-01,-1.944,0.493,0.664,8.29E-01
FOSL2,-4.4,1.00E+00,-0.513,0.465,0.664,8.29E-01
PGBD3,-0.478,6.84E-01,-0.33,0.379,0.667,8.34E-01
MYC,-5.372,1.00E+00,-1.916,0.541,0.669,8.37E-01
ERCC3,-0.425,6.65E-01,-0.513,0.383,0.67,8.38E-01
ZSCAN29,-0.419,6.62E-01,-0.878,0.401,0.67,8.38E-01
STAT5A,-0.872,8.09E-01,-1.16,0.438,0.67,8.38E-01
SPDEF,-0.598,7.25E-01,-0.775,0.411,0.67,8.39E-01
GTF2F1,-0.694,7.56E-01,-1.634,0.446,0.671,8.40E-01
FOS,-2.117,9.83E-01,-0.605,0.45,0.672,8.41E-01
ARNTL,-1.405,9.20E-01,-1.296,0.462,0.672,8.41E-01
EPAS1,-0.542,7.06E-01,-0.238,0.374,0.672,8.42E-01
BRD4,-11.38,1.00E+00,-2.994,0.629,0.674,8.44E-01
PBX3,-0.776,7.81E-01,-1.283,0.436,0.674,8.44E-01
GABPA,-3.404,1.00E+00,-2.009,0.534,0.675,8.46E-01
HBP1,-0.298,6.17E-01,-1.32,0.413,0.675,8.46E-01
EP400,-0.285,6.12E-01,-0.989,0.394,0.675,8.46E-01
ZNF574,-0.181,5.72E-01,-1.279,0.402,0.675,8.46E-01
MAZ,-0.404,6.57E-01,-2.096,0.449,0.676,8.47E-01
ASCL2,-0.304,6.19E-01,-0.964,0.392,0.676,8.47E-01
ETV7,-0.383,6.49E-01,-0.699,0.387,0.676,8.47E-01
CBX6,-0.479,6.84E-01,-1.48,0.43,0.677,8.49E-01
ZNF518A,-0.335,6.31E-01,-1.179,0.407,0.677,8.49E-01
ZBTB40,-0.795,7.87E-01,-0.946,0.422,0.679,8.51E-01
NFE2,-1.299,9.03E-01,-0.992,0.443,0.679,8.52E-01
POLR2A,-30.817,1.00E+00,-2.419,0.571,0.68,8.53E-01
KRAB,-0.763,7.77E-01,-0.541,0.4,0.682,8.55E-01
PATZ1,-0.374,6.46E-01,-1.755,0.433,0.683,8.56E-01
NELFE,-5.223,1.00E+00,-1.988,0.527,0.684,8.58E-01
ZBTB14,-0.072,5.29E-01,-1.701,0.411,0.684,8.58E-01
ATF1,-1.407,9.20E-01,-1.389,0.459,0.685,8.59E-01
ZNF197,-0.434,6.68E-01,-0.986,0.395,0.686,8.60E-01
CDK12,-0.249,5.98E-01,-1.26,0.396,0.686,8.60E-01
CREB3,-0.643,7.40E-01,-0.479,0.383,0.686,8.61E-01
YY1,-4.921,1.00E+00,-2.175,0.539,0.689,8.65E-01
MECP2,-0.824,7.95E-01,-1.991,0.459,0.689,8.65E-01
KLF1,-0.701,7.58E-01,-1.544,0.436,0.689,8.65E-01
CASP8AP2,-0.47,6.81E-01,-0.77,0.379,0.69,8.66E-01
PRAME,-0.317,6.24E-01,-1.171,0.391,0.691,8.67E-01
NCOA1,-0.583,7.20E-01,-0.634,0.384,0.691,8.67E-01
FOXO1,-1.1,8.64E-01,-0.255,0.401,0.691,8.67E-01
E2F1,-3.714,1.00E+00,-1.74,0.495,0.693,8.70E-01
JUNB,-1.53,9.37E-01,-1.153,0.446,0.696,8.73E-01
KDM6B,-1.112,8.67E-01,-1.441,0.441,0.697,8.74E-01
INO80,-1.767,9.61E-01,-1.885,0.481,0.697,8.75E-01
TERF2,-0.537,7.04E-01,-0.707,0.374,0.698,8.76E-01
SOX9,-0.647,7.41E-01,-1.496,0.428,0.698,8.76E-01
KMT2A,-1.843,9.67E-01,-2.765,0.515,0.7,8.78E-01
ZNF740,-0.74,7.70E-01,-1.362,0.425,0.7,8.78E-01
HMG20A,-0.652,7.43E-01,-0.481,0.365,0.701,8.80E-01
HDAC1,-2.126,9.83E-01,-2.312,0.506,0.701,8.80E-01
GABP,-0.573,7.17E-01,-1.435,0.415,0.703,8.82E-01
C17orf49,-0.518,6.98E-01,-1.58,0.419,0.703,8.82E-01
BATF3,-0.694,7.56E-01,-0.398,0.362,0.703,8.82E-01
BARX1,-0.513,6.96E-01,-0.956,0.376,0.704,8.83E-01
MXI1,-1.086,8.61E-01,-2.642,0.479,0.704,8.84E-01
E2F3,-0.253,6.00E-01,-1.504,0.396,0.706,8.86E-01
CEBPA,-2.794,9.97E-01,-1.434,0.466,0.709,8.89E-01
CCDC101,-0.796,7.87E-01,-1.075,0.408,0.709,8.89E-01
ZNF281,-0.431,6.67E-01,-1.248,0.383,0.713,8.94E-01
ZNF83,-0.668,7.48E-01,-1.198,0.401,0.714,8.94E-01
DLX1,-0.495,6.90E-01,-1.138,0.377,0.715,8.95E-01
ZNF644,-0.677,7.51E-01,-1.022,0.39,0.715,8.96E-01
SIN3A,-2.047,9.80E-01,-2.28,0.491,0.716,8.97E-01
NFKB2,-0.892,8.14E-01,-0.55,0.372,0.717,8.98E-01
ZBTB7A,-1.173,8.80E-01,-1.889,0.449,0.717,8.98E-01
PRMT5,-0.714,7.62E-01,-0.622,0.36,0.719,9.01E-01
CBFB,-1.964,9.75E-01,-2.872,0.499,0.722,9.03E-01
ZNF483,-0.366,6.43E-01,-1.494,0.388,0.723,9.04E-01
LYL1,-1.514,9.35E-01,-0.065,0.387,0.723,9.04E-01
TBX21,-0.961,8.32E-01,-0.765,0.385,0.724,9.05E-01
MGEA5,-0.353,6.38E-01,-1.598,0.389,0.727,9.08E-01
MYH11,-0.807,7.90E-01,-2.206,0.445,0.727,9.08E-01
ZBTB26,-0.42,6.63E-01,-1.87,0.41,0.727,9.09E-01
MYF5,-0.622,7.33E-01,-1.042,0.367,0.73,9.11E-01
CHRM2,-1.241,8.93E-01,-2.241,0.461,0.731,9.12E-01
ORC2,-0.627,7.35E-01,-1.046,0.367,0.732,9.13E-01
KLF5,-1.365,9.14E-01,-1.097,0.42,0.733,9.15E-01
FLI1,-1.982,9.76E-01,-1.425,0.442,0.733,9.15E-01
TP53,-6.092,1.00E+00,-1.499,0.463,0.734,9.15E-01
BPTF,-0.318,6.25E-01,-1.778,0.391,0.734,9.15E-01
ZKSCAN8,-0.806,7.90E-01,-0.984,0.374,0.734,9.16E-01
SS18,-0.459,6.77E-01,-1.803,0.402,0.735,9.16E-01
PPARG,-3.345,1.00E+00,-1.012,0.439,0.735,9.16E-01
CBX8,-0.661,7.46E-01,-2.571,0.441,0.735,9.17E-01
SREBF1,-1.198,8.85E-01,-1.29,0.415,0.735,9.17E-01
FEV,-0.627,7.35E-01,-1.153,0.367,0.736,9.17E-01
RBBP5,-1.681,9.54E-01,-2.273,0.472,0.737,9.18E-01
ZNF639,-1.202,8.85E-01,-1.358,0.418,0.738,9.19E-01
MYCN,-1.649,9.51E-01,-1.77,0.447,0.738,9.19E-01
NR2C2,-3.155,9.99E-01,-1.776,0.464,0.739,9.20E-01
SP3,-0.39,6.52E-01,-1.906,0.398,0.741,9.22E-01
AGO2,-0.594,7.24E-01,-1.306,0.369,0.741,9.22E-01
TARDBP,-0.757,7.75E-01,-1.645,0.407,0.742,9.22E-01
TBP,-1.649,9.50E-01,-2.578,0.475,0.742,9.22E-01
PGR,-0.993,8.40E-01,-0.483,0.335,0.742,9.23E-01
ASXL1,-0.323,6.27E-01,-1.881,0.391,0.742,9.23E-01
FOXP2,-0.457,6.76E-01,-2.2,0.42,0.742,9.23E-01
GRIP1,-1.218,8.88E-01,-0.282,0.347,0.743,9.23E-01
LANA,-0.915,8.20E-01,-2.413,0.443,0.744,9.24E-01
JMJD1C,-1.226,8.90E-01,-0.967,0.392,0.746,9.26E-01
BCLAF1,-0.642,7.40E-01,-1.68,0.393,0.75,9.30E-01
BANF1,-1.494,9.32E-01,-0.463,0.369,0.753,9.33E-01
RUNX1T1,-1.507,9.34E-01,-0.676,0.387,0.755,9.34E-01
ELF1,-2.334,9.90E-01,-2.462,0.477,0.756,9.34E-01
NOTCH1,-1.746,9.60E-01,-1.801,0.441,0.757,9.36E-01
DIDO1,-0.958,8.31E-01,-1.085,0.366,0.757,9.36E-01
STAT3,-2.37,9.91E-01,-1.374,0.436,0.758,9.36E-01
ARNT2,-0.684,7.53E-01,-1.33,0.363,0.758,9.36E-01
MAF,-1.986,9.77E-01,-2.571,0.471,0.758,9.37E-01
EHF,-1.166,8.78E-01,-1.139,0.384,0.76,9.38E-01
CSNK2A1,-0.665,7.47E-01,-1.422,0.364,0.76,9.38E-01
XRN2,-2.728,9.97E-01,-2.009,0.461,0.761,9.39E-01
MBTD1,-0.555,7.11E-01,-1.694,0.373,0.762,9.40E-01
HSF1,-2.368,9.91E-01,-3.424,0.481,0.763,9.40E-01
NCOR2,-1.057,8.55E-01,-1.001,0.362,0.763,9.40E-01
ZNF597,-0.887,8.12E-01,-1.038,0.345,0.764,9.41E-01
FUS,-1.001,8.42E-01,-1.21,0.364,0.767,9.43E-01
HOXA6,-0.608,7.28E-01,-1.676,0.368,0.768,9.44E-01
MLLT3,-0.64,7.39E-01,-1.636,0.365,0.77,9.46E-01
PML,-1.937,9.74E-01,-1.626,0.43,0.771,9.46E-01
ZNF584,-1.035,8.50E-01,-1.325,0.37,0.773,9.47E-01
NFKB1,-1.202,8.85E-01,-1.276,0.378,0.774,9.48E-01
HEY1,-0.794,7.87E-01,-1.996,0.406,0.775,9.49E-01
ZNF783,-0.456,6.76E-01,-2.041,0.381,0.775,9.49E-01
CCNT2,-0.527,7.01E-01,-1.915,0.375,0.775,9.49E-01
FOXD2,-0.711,7.61E-01,-1.554,0.36,0.777,9.50E-01
PHF6,-0.543,7.07E-01,-1.914,0.374,0.778,9.51E-01
KLF9,-1.187,8.82E-01,-2.075,0.427,0.778,9.51E-01
PRMT1,-1.271,8.98E-01,-0.821,0.345,0.778,9.51E-01
POU3F2,-1.171,8.79E-01,-1.049,0.355,0.779,9.51E-01
CEBPD,-0.842,8.00E-01,-1.95,0.401,0.779,9.51E-01
SETD1A,-0.575,7.17E-01,-2.441,0.409,0.78,9.52E-01
NFYA,-1.748,9.60E-01,-1.44,0.413,0.78,9.52E-01
E2F8,-0.794,7.86E-01,-1.473,0.353,0.781,9.53E-01
HMGN3,-0.517,6.97E-01,-2.02,0.376,0.782,9.53E-01
ZNF589,-1.009,8.44E-01,-1.471,0.369,0.782,9.53E-01
BCL11B,-2.14,9.84E-01,-1.986,0.441,0.782,9.53E-01
CD59,-0.919,8.21E-01,-1.296,0.342,0.783,9.54E-01
MEF2A,-1.168,8.79E-01,-1.636,0.39,0.786,9.56E-01
HES2,-3.996,1.00E+00,-0.581,0.385,0.787,9.57E-01
FOXJ2,-1.072,8.58E-01,-1.378,0.362,0.787,9.57E-01
BTAF1,-0.844,8.01E-01,-1.481,0.349,0.788,9.57E-01
STAT1,-1.928,9.73E-01,-1.933,0.433,0.788,9.57E-01
NKRF,-1.122,8.69E-01,-1.531,0.375,0.789,9.58E-01
SKI,-1.02,8.46E-01,-1.222,0.332,0.789,9.58E-01
RXRG,-2.196,9.86E-01,-1.368,0.411,0.791,9.59E-01
TRRAP,-1.139,8.73E-01,-1.493,0.37,0.792,9.60E-01
MED12,-1.288,9.01E-01,-1.867,0.41,0.792,9.60E-01
MEF2C,-0.767,7.79E-01,-1.73,0.356,0.793,9.60E-01
HOXA2,-0.788,7.85E-01,-1.722,0.354,0.796,9.62E-01
RUVBL1,-0.89,8.13E-01,-1.542,0.345,0.796,9.62E-01
KAT8,-1.445,9.26E-01,-1.429,0.379,0.802,9.65E-01
ARID5B,-0.969,8.34E-01,-1.492,0.337,0.803,9.66E-01
GLYR1,-0.525,7.00E-01,-2.376,0.375,0.805,9.66E-01
NFRKB,-1.28,9.00E-01,-1.294,0.346,0.807,9.68E-01
TAF1,-3.267,1.00E+00,-2.692,0.455,0.807,9.68E-01
POLR2M,-0.935,8.25E-01,-2.17,0.393,0.809,9.69E-01
RB1,-2.067,9.81E-01,-1.904,0.422,0.81,9.69E-01
ZNF343,-0.581,7.19E-01,-2.281,0.37,0.81,9.69E-01
MAPK1,-1.08,8.60E-01,-2.305,0.405,0.815,9.71E-01
HDAC6,-1.371,9.15E-01,-1.885,0.395,0.815,9.72E-01
NFE2L2,-2.327,9.90E-01,-1.309,0.385,0.817,9.72E-01
KLF13,-1.233,8.91E-01,-1.55,0.352,0.818,9.73E-01
MXD3,-1.14,8.73E-01,-1.484,0.32,0.82,9.74E-01
PAF1,-3.898,1.00E+00,-2.167,0.438,0.82,9.74E-01
KDM5C,-1.246,8.94E-01,-2.109,0.401,0.821,9.74E-01
SMARCC2,-1.117,8.68E-01,-1.763,0.354,0.822,9.75E-01
TP63,-7.622,1.00E+00,-0.885,0.366,0.824,9.75E-01
HCFC1,-2.332,9.90E-01,-1.819,0.412,0.824,9.75E-01
RFX2,-1.064,8.56E-01,-1.689,0.328,0.825,9.76E-01
CDK7,-1.559,9.41E-01,-2.152,0.412,0.826,9.76E-01
ZBTB7B,-1.082,8.60E-01,-1.649,0.326,0.826,9.76E-01
STAT2,-1.62,9.47E-01,-1.733,0.381,0.828,9.77E-01
KDM4B,-1.215,8.88E-01,-1.81,0.364,0.828,9.77E-01
VEZF1,-1.27,8.98E-01,-1.757,0.362,0.828,9.77E-01
FGFR1,-1.171,8.79E-01,-2.303,0.397,0.829,9.77E-01
NPAT,-0.928,8.23E-01,-1.915,0.341,0.829,9.78E-01
ZBTB16,-1.851,9.68E-01,-1.333,0.354,0.83,9.78E-01
POLR2H,-1.206,8.86E-01,-1.76,0.352,0.83,9.78E-01
ATOH1,-1.015,8.45E-01,-1.824,0.333,0.831,9.78E-01
AFF4,-4.135,1.00E+00,-2.473,0.44,0.832,9.79E-01
THAP1,-0.854,8.03E-01,-2.04,0.348,0.832,9.79E-01
ZBED1,-1.411,9.21E-01,-1.47,0.34,0.832,9.79E-01
UBTF,-1.278,8.99E-01,-2.287,0.401,0.833,9.79E-01
MKL2,-1.431,9.24E-01,-1.903,0.384,0.833,9.79E-01
KDM3A,-1.231,8.91E-01,-1.791,0.355,0.833,9.79E-01
SP2,-1.448,9.26E-01,-2.033,0.394,0.835,9.80E-01
PPARD,-0.942,8.27E-01,-1.955,0.34,0.835,9.80E-01
IRF3,-1.426,9.23E-01,-1.691,0.359,0.836,9.80E-01
MBOAT4,-0.917,8.21E-01,-2.009,0.342,0.836,9.80E-01
RAG2,-0.661,7.46E-01,-2.859,0.364,0.839,9.81E-01
OGT,-2.073,9.81E-01,-2.05,0.407,0.842,9.82E-01
IRF1,-2.483,9.94E-01,-1.929,0.407,0.843,9.83E-01
SREBF2,-1.164,8.78E-01,-1.78,0.316,0.843,9.83E-01
HOXA1,-1.267,8.98E-01,-1.639,0.302,0.844,9.83E-01
TCF21,-2.625,9.96E-01,-1.107,0.329,0.845,9.83E-01
ZBTB10,-1.233,8.91E-01,-1.748,0.307,0.849,9.84E-01
FAM208A,-1.236,8.92E-01,-2.035,0.36,0.851,9.85E-01
CDK8,-3.009,9.99E-01,-2.692,0.431,0.852,9.85E-01
BARX2,-1.37,9.15E-01,-1.591,0.286,0.853,9.86E-01
BRD7,-0.847,8.02E-01,-2.494,0.349,0.854,9.86E-01
GATAD1,-1.451,9.27E-01,-1.96,0.366,0.854,9.86E-01
MLLT1,-2.101,9.82E-01,-2.212,0.403,0.857,9.87E-01
RBCK1,-1.355,9.12E-01,-1.69,0.288,0.858,9.87E-01
E2F4,-2.176,9.85E-01,-2,0.389,0.861,9.88E-01
KLF10,-1.624,9.48E-01,-1.838,0.346,0.862,9.88E-01
ETS1,-5.729,1.00E+00,-2.751,0.43,0.863,9.89E-01
STAT5,-2.469,9.93E-01,-1.617,0.353,0.864,9.89E-01
NRF1,-4.214,1.00E+00,-2.07,0.408,0.865,9.89E-01
CDK9,-4.209,1.00E+00,-2.819,0.429,0.865,9.89E-01
EPC1,-1.812,9.65E-01,-1.579,0.3,0.865,9.89E-01
THAP11,-1.071,8.58E-01,-2.187,0.328,0.865,9.89E-01
KLF12,-1.005,8.43E-01,-2.353,0.334,0.866,9.89E-01
TET1,-1.057,8.55E-01,-2.234,0.329,0.866,9.89E-01
KDM4C,-0.92,8.21E-01,-2.642,0.342,0.868,9.90E-01
RBPJ,-2.309,9.90E-01,-2.201,0.397,0.869,9.90E-01
ORC1,-1.209,8.87E-01,-2.033,0.31,0.87,9.90E-01
TCOF1,-1.04,8.51E-01,-2.34,0.331,0.87,9.90E-01
NFAT5,-1.358,9.13E-01,-1.848,0.288,0.871,9.90E-01
E2F7,-2.452,9.93E-01,-1.586,0.336,0.871,9.90E-01
NFYC,-1.373,9.15E-01,-1.806,0.285,0.872,9.91E-01
CHD1,-3.577,1.00E+00,-2.472,0.415,0.874,9.91E-01
SUPT5H,-2.722,9.97E-01,-2.101,0.392,0.874,9.91E-01
DEAF1,-1.343,9.10E-01,-1.941,0.29,0.876,9.91E-01
NR0B1,-1.041,8.51E-01,-2.559,0.331,0.877,9.92E-01
SAP30,-2.163,9.85E-01,-2.207,0.385,0.878,9.92E-01
SNAPC1,-1.677,9.53E-01,-1.644,0.22,0.879,9.92E-01
ZNF75A,-1.499,9.33E-01,-1.784,0.266,0.88,9.92E-01
TDRD3,-1.445,9.26E-01,-1.851,0.274,0.881,9.92E-01
SIX5,-2.474,9.93E-01,-1.887,0.358,0.882,9.93E-01
GMEB1,-1.672,9.53E-01,-1.713,0.222,0.884,9.93E-01
CDK6,-1.073,8.58E-01,-2.6,0.328,0.884,9.93E-01
ELL2,-3.056,9.99E-01,-1.958,0.369,0.884,9.93E-01
CPSF3L,-2.219,9.87E-01,-2.164,0.371,0.886,9.93E-01
RBL2,-2.869,9.98E-01,-1.758,0.341,0.886,9.93E-01
KLF15,-3.344,1.00E+00,-3.216,0.413,0.887,9.94E-01
ZBTB11,-2.495,9.94E-01,-2.093,0.373,0.887,9.94E-01
ELF2,-1.673,9.53E-01,-1.768,0.222,0.889,9.94E-01
ZNF131,-1.656,9.51E-01,-1.779,0.228,0.889,9.94E-01
TAF3,-1.193,8.84E-01,-2.441,0.312,0.889,9.94E-01
TAFII,-1.777,9.62E-01,-1.972,0.317,0.891,9.94E-01
CD74,-2.647,9.96E-01,-1.584,0.276,0.891,9.94E-01
XCL1,-1.19,8.83E-01,-2.55,0.312,0.892,9.94E-01
ZSCAN22,-1.782,9.63E-01,-2.243,0.357,0.893,9.94E-01
GTF2E2,-1.39,9.18E-01,-2.086,0.282,0.894,9.95E-01
EMSY,-1.635,9.49E-01,-1.897,0.235,0.895,9.95E-01
PTPN11,-1.251,8.95E-01,-2.377,0.304,0.895,9.95E-01
MKL1,-1.288,9.01E-01,-2.317,0.298,0.898,9.95E-01
BCL3,-6.896,1.00E+00,-2.449,0.399,0.899,9.95E-01
HMGN1,-1.35,9.12E-01,-2.216,0.289,0.899,9.95E-01
ARID2,-1.384,9.17E-01,-2.667,0.342,0.901,9.96E-01
KAT5,-2.146,9.84E-01,-1.95,0.31,0.901,9.96E-01
NFATC1,-2.189,9.86E-01,-2.991,0.387,0.902,9.96E-01
ZNF711,-1.406,9.20E-01,-2.193,0.28,0.903,9.96E-01
ASH1L,-1.27,8.98E-01,-2.571,0.301,0.903,9.96E-01
ZIC2,-1.478,9.30E-01,-2.147,0.27,0.905,9.96E-01
KLF6,-1.228,8.90E-01,-2.926,0.308,0.906,9.96E-01
MCRS1,-1.344,9.11E-01,-2.417,0.29,0.906,9.96E-01
STAT5B,-2.979,9.99E-01,-2.276,0.367,0.907,9.96E-01
RBP2,-1.694,9.55E-01,-1.979,0.211,0.908,9.97E-01
DCP1A,-1.95,9.74E-01,-2.063,0.293,0.908,9.97E-01
AUTS2,-1.306,9.04E-01,-2.626,0.296,0.909,9.97E-01
CHD4,-2.089,9.82E-01,-2.293,0.342,0.91,9.97E-01
GLI2,-3.051,9.99E-01,-3.448,0.389,0.913,9.97E-01
GTF2B,-4.305,1.00E+00,-2.134,0.358,0.913,9.97E-01
BRD1,-1.317,9.06E-01,-2.847,0.294,0.915,9.97E-01
KAT7,-1.34,9.10E-01,-2.902,0.29,0.917,9.98E-01
ELK1,-3.419,1.00E+00,-2.051,0.34,0.918,9.98E-01
GMEB2,-2.319,9.90E-01,-1.968,0.25,0.92,9.98E-01
KDM5A,-3.207,9.99E-01,-1.893,0.256,0.922,9.98E-01
PMEL,-1.997,9.77E-01,-2.425,0.314,0.923,9.98E-01
REL,-1.809,9.65E-01,-2.777,0.334,0.923,9.98E-01
KMT2D,-4.196,1.00E+00,-2.288,0.349,0.928,9.98E-01
DDX21,-2.18,9.85E-01,-2.164,0.261,0.928,9.98E-01
MAFB,-1.714,9.57E-01,-2.271,0.195,0.929,9.98E-01
IRAK1,-1.412,9.21E-01,-2.997,0.279,0.93,9.99E-01
IRAK4,-1.463,9.28E-01,-2.83,0.272,0.93,9.99E-01
ELK4,-3.255,9.99E-01,-2.017,0.259,0.934,9.99E-01
U2AF1,-2.862,9.98E-01,-2.151,0.281,0.934,9.99E-01
FOXP3,-2.262,9.88E-01,-2.182,0.25,0.934,9.99E-01
ELK3,-1.591,9.44E-01,-2.683,0.248,0.935,9.99E-01
PHF8,-4.856,1.00E+00,-2.449,0.346,0.938,9.99E-01
SPIN1,-1.698,9.55E-01,-2.533,0.209,0.939,9.99E-01
KLF11,-2.182,9.86E-01,-3.648,0.338,0.939,9.99E-01
SMAD5,-2.357,9.91E-01,-2.195,0.23,0.94,9.99E-01
INTS12,-1.523,9.36E-01,-3.63,0.262,0.94,9.99E-01
POLR2B,-2.109,9.83E-01,-2.498,0.278,0.94,9.99E-01
BRPF3,-2.136,9.84E-01,-3.037,0.315,0.942,9.99E-01
SRSF3,-2.213,9.87E-01,-2.369,0.256,0.943,9.99E-01
NELFA,-5.043,1.00E+00,-2.129,0.28,0.944,9.99E-01
TRAF7,-2.633,9.96E-01,-3.93,0.318,0.953,1.00E+00
RPE,-3.143,9.99E-01,-2.684,0.286,0.958,1.00E+00
PHF2,-2.325,9.90E-01,-3.106,0.235,0.963,1.00E+00
